TimeGenerated,InstanceName,AvgUsedRssMemoryBytes
2020-07-21T09:30:00Z,/subscriptions/05bc92a8-0ea0-4c4d-b5d7-cd6d9eefe888/resourceGroups/Azure_Arc_Training/providers/Microsoft.Kubernetes/connectedClusters/IBMCloudK8s/9767be26-7935-43cb-bbc9-de16fb579900/omsagent,124657254.4
2020-07-21T09:30:00Z,/subscriptions/05bc92a8-0ea0-4c4d-b5d7-cd6d9eefe888/resourceGroups/Azure_Arc_Training/providers/Microsoft.Kubernetes/connectedClusters/IBMCloudK8s/7d0a830c-8324-45bb-a4a6-e857dba454dc/omsagent,123160439.5
2020-07-21T10:00:00Z,/subscriptions/05bc92a8-0ea0-4c4d-b5d7-cd6d9eefe888/resourceGroups/Azure_Arc_Training/providers/Microsoft.Kubernetes/connectedClusters/IBMCloudK8s/9767be26-7935-43cb-bbc9-de16fb579900/omsagent,124515805.9
2020-07-21T10:00:00Z,/subscriptions/05bc92a8-0ea0-4c4d-b5d7-cd6d9eefe888/resourceGroups/Azure_Arc_Training/providers/Microsoft.Kubernetes/connectedClusters/IBMCloudK8s/7d0a830c-8324-45bb-a4a6-e857dba454dc/omsagent,123374796.8
2020-07-21T10:30:00Z,/subscriptions/05bc92a8-0ea0-4c4d-b5d7-cd6d9eefe888/resourceGroups/Azure_Arc_Training/providers/Microsoft.Kubernetes/connectedClusters/IBMCloudK8s/7d0a830c-8324-45bb-a4a6-e857dba454dc/omsagent,123505186.1
2020-07-21T10:30:00Z,/subscriptions/05bc92a8-0ea0-4c4d-b5d7-cd6d9eefe888/resourceGroups/Azure_Arc_Training/providers/Microsoft.Kubernetes/connectedClusters/IBMCloudK8s/9767be26-7935-43cb-bbc9-de16fb579900/omsagent,124582843.7
2020-07-22T02:00:00Z,/subscriptions/05bc92a8-0ea0-4c4d-b5d7-cd6d9eefe888/resourceGroups/Azure_Arc_Training/providers/Microsoft.Kubernetes/connectedClusters/IBMCloudK8s/7d0a830c-8324-45bb-a4a6-e857dba454dc/omsagent,129276723.2
2020-07-22T02:00:00Z,/subscriptions/05bc92a8-0ea0-4c4d-b5d7-cd6d9eefe888/resourceGroups/Azure_Arc_Training/providers/Microsoft.Kubernetes/connectedClusters/IBMCloudK8s/140cca40-945e-4d34-acbb-b6872ab9dd2c/loginfunctionality,256425984
2020-07-22T02:00:00Z,/subscriptions/05bc92a8-0ea0-4c4d-b5d7-cd6d9eefe888/resourceGroups/Azure_Arc_Training/providers/Microsoft.Kubernetes/connectedClusters/IBMCloudK8s/9767be26-7935-43cb-bbc9-de16fb579900/omsagent,125139490.1
2020-07-22T02:30:00Z,/subscriptions/05bc92a8-0ea0-4c4d-b5d7-cd6d9eefe888/resourceGroups/Azure_Arc_Training/providers/Microsoft.Kubernetes/connectedClusters/IBMCloudK8s/7d0a830c-8324-45bb-a4a6-e857dba454dc/omsagent,129434692.3
2020-07-22T02:30:00Z,/subscriptions/05bc92a8-0ea0-4c4d-b5d7-cd6d9eefe888/resourceGroups/Azure_Arc_Training/providers/Microsoft.Kubernetes/connectedClusters/IBMCloudK8s/9767be26-7935-43cb-bbc9-de16fb579900/omsagent,124501606.4
2020-07-22T02:30:00Z,/subscriptions/05bc92a8-0ea0-4c4d-b5d7-cd6d9eefe888/resourceGroups/Azure_Arc_Training/providers/Microsoft.Kubernetes/connectedClusters/IBMCloudK8s/140cca40-945e-4d34-acbb-b6872ab9dd2c/loginfunctionality,256425984
2020-07-21T15:30:00Z,/subscriptions/05bc92a8-0ea0-4c4d-b5d7-cd6d9eefe888/resourceGroups/Azure_Arc_Training/providers/Microsoft.Kubernetes/connectedClusters/IBMCloudK8s/7d0a830c-8324-45bb-a4a6-e857dba454dc/omsagent,128994508.8
2020-07-21T15:30:00Z,/subscriptions/05bc92a8-0ea0-4c4d-b5d7-cd6d9eefe888/resourceGroups/Azure_Arc_Training/providers/Microsoft.Kubernetes/connectedClusters/IBMCloudK8s/9767be26-7935-43cb-bbc9-de16fb579900/omsagent,124299509.8
2020-07-21T16:00:00Z,/subscriptions/05bc92a8-0ea0-4c4d-b5d7-cd6d9eefe888/resourceGroups/Azure_Arc_Training/providers/Microsoft.Kubernetes/connectedClusters/IBMCloudK8s/7d0a830c-8324-45bb-a4a6-e857dba454dc/omsagent,129773704.5
2020-07-21T16:00:00Z,/subscriptions/05bc92a8-0ea0-4c4d-b5d7-cd6d9eefe888/resourceGroups/Azure_Arc_Training/providers/Microsoft.Kubernetes/connectedClusters/IBMCloudK8s/9767be26-7935-43cb-bbc9-de16fb579900/omsagent,124375040
2020-07-21T14:00:00Z,/subscriptions/05bc92a8-0ea0-4c4d-b5d7-cd6d9eefe888/resourceGroups/Azure_Arc_Training/providers/Microsoft.Kubernetes/connectedClusters/IBMCloudK8s/9767be26-7935-43cb-bbc9-de16fb579900/omsagent,123694694.4
2020-07-21T14:00:00Z,/subscriptions/05bc92a8-0ea0-4c4d-b5d7-cd6d9eefe888/resourceGroups/Azure_Arc_Training/providers/Microsoft.Kubernetes/connectedClusters/IBMCloudK8s/7d0a830c-8324-45bb-a4a6-e857dba454dc/omsagent,126822400
2020-07-21T14:30:00Z,/subscriptions/05bc92a8-0ea0-4c4d-b5d7-cd6d9eefe888/resourceGroups/Azure_Arc_Training/providers/Microsoft.Kubernetes/connectedClusters/IBMCloudK8s/9767be26-7935-43cb-bbc9-de16fb579900/omsagent,123334109.9
2020-07-21T14:30:00Z,/subscriptions/05bc92a8-0ea0-4c4d-b5d7-cd6d9eefe888/resourceGroups/Azure_Arc_Training/providers/Microsoft.Kubernetes/connectedClusters/IBMCloudK8s/7d0a830c-8324-45bb-a4a6-e857dba454dc/omsagent,126982144
2020-07-21T17:00:00Z,/subscriptions/05bc92a8-0ea0-4c4d-b5d7-cd6d9eefe888/resourceGroups/Azure_Arc_Training/providers/Microsoft.Kubernetes/connectedClusters/IBMCloudK8s/7d0a830c-8324-45bb-a4a6-e857dba454dc/omsagent,131027490.1
2020-07-21T17:00:00Z,/subscriptions/05bc92a8-0ea0-4c4d-b5d7-cd6d9eefe888/resourceGroups/Azure_Arc_Training/providers/Microsoft.Kubernetes/connectedClusters/IBMCloudK8s/9767be26-7935-43cb-bbc9-de16fb579900/omsagent,125379379.2
2020-07-21T17:30:00Z,/subscriptions/05bc92a8-0ea0-4c4d-b5d7-cd6d9eefe888/resourceGroups/Azure_Arc_Training/providers/Microsoft.Kubernetes/connectedClusters/IBMCloudK8s/140cca40-945e-4d34-acbb-b6872ab9dd2c/loginfunctionality,124373811.2
2020-07-21T17:30:00Z,/subscriptions/05bc92a8-0ea0-4c4d-b5d7-cd6d9eefe888/resourceGroups/Azure_Arc_Training/providers/Microsoft.Kubernetes/connectedClusters/IBMCloudK8s/7d0a830c-8324-45bb-a4a6-e857dba454dc/omsagent,130204467.2
2020-07-21T17:30:00Z,/subscriptions/05bc92a8-0ea0-4c4d-b5d7-cd6d9eefe888/resourceGroups/Azure_Arc_Training/providers/Microsoft.Kubernetes/connectedClusters/IBMCloudK8s/9767be26-7935-43cb-bbc9-de16fb579900/omsagent,124969096.5
2020-07-21T18:00:00Z,/subscriptions/05bc92a8-0ea0-4c4d-b5d7-cd6d9eefe888/resourceGroups/Azure_Arc_Training/providers/Microsoft.Kubernetes/connectedClusters/IBMCloudK8s/140cca40-945e-4d34-acbb-b6872ab9dd2c/loginfunctionality,242654549.3
2020-07-21T18:00:00Z,/subscriptions/05bc92a8-0ea0-4c4d-b5d7-cd6d9eefe888/resourceGroups/Azure_Arc_Training/providers/Microsoft.Kubernetes/connectedClusters/IBMCloudK8s/9767be26-7935-43cb-bbc9-de16fb579900/omsagent,124789418.7
2020-07-21T18:00:00Z,/subscriptions/05bc92a8-0ea0-4c4d-b5d7-cd6d9eefe888/resourceGroups/Azure_Arc_Training/providers/Microsoft.Kubernetes/connectedClusters/IBMCloudK8s/7d0a830c-8324-45bb-a4a6-e857dba454dc/omsagent,130117632
2020-07-21T11:00:00Z,/subscriptions/05bc92a8-0ea0-4c4d-b5d7-cd6d9eefe888/resourceGroups/Azure_Arc_Training/providers/Microsoft.Kubernetes/connectedClusters/IBMCloudK8s/9767be26-7935-43cb-bbc9-de16fb579900/omsagent,124183893.3
2020-07-21T11:00:00Z,/subscriptions/05bc92a8-0ea0-4c4d-b5d7-cd6d9eefe888/resourceGroups/Azure_Arc_Training/providers/Microsoft.Kubernetes/connectedClusters/IBMCloudK8s/7d0a830c-8324-45bb-a4a6-e857dba454dc/omsagent,123629841.1
2020-07-21T11:30:00Z,/subscriptions/05bc92a8-0ea0-4c4d-b5d7-cd6d9eefe888/resourceGroups/Azure_Arc_Training/providers/Microsoft.Kubernetes/connectedClusters/IBMCloudK8s/7d0a830c-8324-45bb-a4a6-e857dba454dc/omsagent,124344866.1
2020-07-21T11:30:00Z,/subscriptions/05bc92a8-0ea0-4c4d-b5d7-cd6d9eefe888/resourceGroups/Azure_Arc_Training/providers/Microsoft.Kubernetes/connectedClusters/IBMCloudK8s/9767be26-7935-43cb-bbc9-de16fb579900/omsagent,124183210.7
2020-07-21T18:30:00Z,/subscriptions/05bc92a8-0ea0-4c4d-b5d7-cd6d9eefe888/resourceGroups/Azure_Arc_Training/providers/Microsoft.Kubernetes/connectedClusters/IBMCloudK8s/9767be26-7935-43cb-bbc9-de16fb579900/omsagent,123976499.2
2020-07-21T18:30:00Z,/subscriptions/05bc92a8-0ea0-4c4d-b5d7-cd6d9eefe888/resourceGroups/Azure_Arc_Training/providers/Microsoft.Kubernetes/connectedClusters/IBMCloudK8s/7d0a830c-8324-45bb-a4a6-e857dba454dc/omsagent,131347660.8
2020-07-21T18:30:00Z,/subscriptions/05bc92a8-0ea0-4c4d-b5d7-cd6d9eefe888/resourceGroups/Azure_Arc_Training/providers/Microsoft.Kubernetes/connectedClusters/IBMCloudK8s/140cca40-945e-4d34-acbb-b6872ab9dd2c/loginfunctionality,256334506.7
2020-07-21T19:00:00Z,/subscriptions/05bc92a8-0ea0-4c4d-b5d7-cd6d9eefe888/resourceGroups/Azure_Arc_Training/providers/Microsoft.Kubernetes/connectedClusters/IBMCloudK8s/7d0a830c-8324-45bb-a4a6-e857dba454dc/omsagent,131451153.1
2020-07-21T19:00:00Z,/subscriptions/05bc92a8-0ea0-4c4d-b5d7-cd6d9eefe888/resourceGroups/Azure_Arc_Training/providers/Microsoft.Kubernetes/connectedClusters/IBMCloudK8s/9767be26-7935-43cb-bbc9-de16fb579900/omsagent,124633361.1
2020-07-21T19:00:00Z,/subscriptions/05bc92a8-0ea0-4c4d-b5d7-cd6d9eefe888/resourceGroups/Azure_Arc_Training/providers/Microsoft.Kubernetes/connectedClusters/IBMCloudK8s/140cca40-945e-4d34-acbb-b6872ab9dd2c/loginfunctionality,256331776
2020-07-21T19:30:00Z,/subscriptions/05bc92a8-0ea0-4c4d-b5d7-cd6d9eefe888/resourceGroups/Azure_Arc_Training/providers/Microsoft.Kubernetes/connectedClusters/IBMCloudK8s/140cca40-945e-4d34-acbb-b6872ab9dd2c/loginfunctionality,256342835.2
2020-07-21T19:30:00Z,/subscriptions/05bc92a8-0ea0-4c4d-b5d7-cd6d9eefe888/resourceGroups/Azure_Arc_Training/providers/Microsoft.Kubernetes/connectedClusters/IBMCloudK8s/9767be26-7935-43cb-bbc9-de16fb579900/omsagent,123089851.7
2020-07-21T19:30:00Z,/subscriptions/05bc92a8-0ea0-4c4d-b5d7-cd6d9eefe888/resourceGroups/Azure_Arc_Training/providers/Microsoft.Kubernetes/connectedClusters/IBMCloudK8s/7d0a830c-8324-45bb-a4a6-e857dba454dc/omsagent,131985954.1
2020-07-21T20:00:00Z,/subscriptions/05bc92a8-0ea0-4c4d-b5d7-cd6d9eefe888/resourceGroups/Azure_Arc_Training/providers/Microsoft.Kubernetes/connectedClusters/IBMCloudK8s/140cca40-945e-4d34-acbb-b6872ab9dd2c/loginfunctionality,256380654.9
2020-07-21T20:00:00Z,/subscriptions/05bc92a8-0ea0-4c4d-b5d7-cd6d9eefe888/resourceGroups/Azure_Arc_Training/providers/Microsoft.Kubernetes/connectedClusters/IBMCloudK8s/7d0a830c-8324-45bb-a4a6-e857dba454dc/omsagent,132333841.1
2020-07-21T20:00:00Z,/subscriptions/05bc92a8-0ea0-4c4d-b5d7-cd6d9eefe888/resourceGroups/Azure_Arc_Training/providers/Microsoft.Kubernetes/connectedClusters/IBMCloudK8s/9767be26-7935-43cb-bbc9-de16fb579900/omsagent,123787127.5
2020-07-22T05:00:00Z,/subscriptions/05bc92a8-0ea0-4c4d-b5d7-cd6d9eefe888/resourceGroups/Azure_Arc_Training/providers/Microsoft.ContainerService/managedClusters/HealthCareAKS/ee2f0e26-ca64-4790-b82d-bdd14683d36a/omsagent,93830894.93
2020-07-22T05:00:00Z,/subscriptions/05bc92a8-0ea0-4c4d-b5d7-cd6d9eefe888/resourceGroups/Azure_Arc_Training/providers/Microsoft.ContainerService/managedClusters/HealthCareAKS/f8f15982-0d5a-4339-a477-6e1bdd9dd6c3/omsagent,116839355.7
2020-07-22T05:00:00Z,/subscriptions/05bc92a8-0ea0-4c4d-b5d7-cd6d9eefe888/resourceGroups/Azure_Arc_Training/providers/Microsoft.ContainerService/managedClusters/HealthCareAKS/f377cdae-43d8-4772-a145-19eda169ff7b/omsagent,119570295.5
2020-07-22T05:00:00Z,/subscriptions/05bc92a8-0ea0-4c4d-b5d7-cd6d9eefe888/resourceGroups/Azure_Arc_Training/providers/Microsoft.Kubernetes/connectedClusters/IBMCloudK8s/7d0a830c-8324-45bb-a4a6-e857dba454dc/omsagent,130797568
2020-07-22T05:00:00Z,/subscriptions/05bc92a8-0ea0-4c4d-b5d7-cd6d9eefe888/resourceGroups/Azure_Arc_Training/providers/Microsoft.Kubernetes/connectedClusters/IBMCloudK8s/140cca40-945e-4d34-acbb-b6872ab9dd2c/loginfunctionality,256430080
2020-07-22T05:00:00Z,/subscriptions/05bc92a8-0ea0-4c4d-b5d7-cd6d9eefe888/resourceGroups/Azure_Arc_Training/providers/Microsoft.Kubernetes/connectedClusters/IBMCloudK8s/9767be26-7935-43cb-bbc9-de16fb579900/omsagent,125786931.2
2020-07-22T05:30:00Z,/subscriptions/05bc92a8-0ea0-4c4d-b5d7-cd6d9eefe888/resourceGroups/Azure_Arc_Training/providers/Microsoft.ContainerService/managedClusters/HealthCareAKS/f377cdae-43d8-4772-a145-19eda169ff7b/omsagent,126527897.6
2020-07-22T05:30:00Z,/subscriptions/05bc92a8-0ea0-4c4d-b5d7-cd6d9eefe888/resourceGroups/Azure_Arc_Training/providers/Microsoft.ContainerService/managedClusters/HealthCareAKS/f8f15982-0d5a-4339-a477-6e1bdd9dd6c3/omsagent,117626470.4
2020-07-22T05:30:00Z,/subscriptions/05bc92a8-0ea0-4c4d-b5d7-cd6d9eefe888/resourceGroups/Azure_Arc_Training/providers/Microsoft.Kubernetes/connectedClusters/IBMCloudK8s/140cca40-945e-4d34-acbb-b6872ab9dd2c/loginfunctionality,256430080
2020-07-22T05:30:00Z,/subscriptions/05bc92a8-0ea0-4c4d-b5d7-cd6d9eefe888/resourceGroups/Azure_Arc_Training/providers/Microsoft.Kubernetes/connectedClusters/IBMCloudK8s/9767be26-7935-43cb-bbc9-de16fb579900/omsagent,124796245.3
2020-07-22T05:30:00Z,/subscriptions/05bc92a8-0ea0-4c4d-b5d7-cd6d9eefe888/resourceGroups/Azure_Arc_Training/providers/Microsoft.Kubernetes/connectedClusters/IBMCloudK8s/7d0a830c-8324-45bb-a4a6-e857dba454dc/omsagent,130830472.5
2020-07-22T05:30:00Z,/subscriptions/05bc92a8-0ea0-4c4d-b5d7-cd6d9eefe888/resourceGroups/Azure_Arc_Training/providers/Microsoft.ContainerService/managedClusters/HealthCareAKS/ee2f0e26-ca64-4790-b82d-bdd14683d36a/omsagent,95446903.47
2020-07-22T06:00:00Z,/subscriptions/05bc92a8-0ea0-4c4d-b5d7-cd6d9eefe888/resourceGroups/Azure_Arc_Training/providers/Microsoft.ContainerService/managedClusters/HealthCareAKS/f8f15982-0d5a-4339-a477-6e1bdd9dd6c3/omsagent,121284069.1
2020-07-22T06:00:00Z,/subscriptions/05bc92a8-0ea0-4c4d-b5d7-cd6d9eefe888/resourceGroups/Azure_Arc_Training/providers/Microsoft.ContainerService/managedClusters/HealthCareAKS/f377cdae-43d8-4772-a145-19eda169ff7b/omsagent,128837524.2
2020-07-22T06:00:00Z,/subscriptions/05bc92a8-0ea0-4c4d-b5d7-cd6d9eefe888/resourceGroups/Azure_Arc_Training/providers/Microsoft.Kubernetes/connectedClusters/IBMCloudK8s/9767be26-7935-43cb-bbc9-de16fb579900/omsagent,126289920
2020-07-22T06:00:00Z,/subscriptions/05bc92a8-0ea0-4c4d-b5d7-cd6d9eefe888/resourceGroups/Azure_Arc_Training/providers/Microsoft.Kubernetes/connectedClusters/IBMCloudK8s/7d0a830c-8324-45bb-a4a6-e857dba454dc/omsagent,131239936
2020-07-22T06:00:00Z,/subscriptions/05bc92a8-0ea0-4c4d-b5d7-cd6d9eefe888/resourceGroups/Azure_Arc_Training/providers/Microsoft.Kubernetes/connectedClusters/IBMCloudK8s/140cca40-945e-4d34-acbb-b6872ab9dd2c/loginfunctionality,256430080
2020-07-22T06:00:00Z,/subscriptions/05bc92a8-0ea0-4c4d-b5d7-cd6d9eefe888/resourceGroups/Azure_Arc_Training/providers/Microsoft.ContainerService/managedClusters/HealthCareAKS/ee2f0e26-ca64-4790-b82d-bdd14683d36a/omsagent,96975758.22
2020-07-21T15:00:00Z,/subscriptions/05bc92a8-0ea0-4c4d-b5d7-cd6d9eefe888/resourceGroups/Azure_Arc_Training/providers/Microsoft.Kubernetes/connectedClusters/IBMCloudK8s/9767be26-7935-43cb-bbc9-de16fb579900/omsagent,124210107.7
2020-07-21T15:00:00Z,/subscriptions/05bc92a8-0ea0-4c4d-b5d7-cd6d9eefe888/resourceGroups/Azure_Arc_Training/providers/Microsoft.Kubernetes/connectedClusters/IBMCloudK8s/7d0a830c-8324-45bb-a4a6-e857dba454dc/omsagent,127794517.3
2020-07-21T20:30:00Z,/subscriptions/05bc92a8-0ea0-4c4d-b5d7-cd6d9eefe888/resourceGroups/Azure_Arc_Training/providers/Microsoft.Kubernetes/connectedClusters/IBMCloudK8s/7d0a830c-8324-45bb-a4a6-e857dba454dc/omsagent,131301922.1
2020-07-21T20:30:00Z,/subscriptions/05bc92a8-0ea0-4c4d-b5d7-cd6d9eefe888/resourceGroups/Azure_Arc_Training/providers/Microsoft.Kubernetes/connectedClusters/IBMCloudK8s/140cca40-945e-4d34-acbb-b6872ab9dd2c/loginfunctionality,256397312
2020-07-21T20:30:00Z,/subscriptions/05bc92a8-0ea0-4c4d-b5d7-cd6d9eefe888/resourceGroups/Azure_Arc_Training/providers/Microsoft.Kubernetes/connectedClusters/IBMCloudK8s/9767be26-7935-43cb-bbc9-de16fb579900/omsagent,124525909.3
2020-07-21T21:00:00Z,/subscriptions/05bc92a8-0ea0-4c4d-b5d7-cd6d9eefe888/resourceGroups/Azure_Arc_Training/providers/Microsoft.Kubernetes/connectedClusters/IBMCloudK8s/7d0a830c-8324-45bb-a4a6-e857dba454dc/omsagent,130243379.2
2020-07-21T21:00:00Z,/subscriptions/05bc92a8-0ea0-4c4d-b5d7-cd6d9eefe888/resourceGroups/Azure_Arc_Training/providers/Microsoft.Kubernetes/connectedClusters/IBMCloudK8s/140cca40-945e-4d34-acbb-b6872ab9dd2c/loginfunctionality,256397312
2020-07-21T21:00:00Z,/subscriptions/05bc92a8-0ea0-4c4d-b5d7-cd6d9eefe888/resourceGroups/Azure_Arc_Training/providers/Microsoft.Kubernetes/connectedClusters/IBMCloudK8s/9767be26-7935-43cb-bbc9-de16fb579900/omsagent,125072998.4
2020-07-21T12:00:00Z,/subscriptions/05bc92a8-0ea0-4c4d-b5d7-cd6d9eefe888/resourceGroups/Azure_Arc_Training/providers/Microsoft.Kubernetes/connectedClusters/IBMCloudK8s/9767be26-7935-43cb-bbc9-de16fb579900/omsagent,125857928.5
2020-07-21T12:00:00Z,/subscriptions/05bc92a8-0ea0-4c4d-b5d7-cd6d9eefe888/resourceGroups/Azure_Arc_Training/providers/Microsoft.Kubernetes/connectedClusters/IBMCloudK8s/7d0a830c-8324-45bb-a4a6-e857dba454dc/omsagent,125200520.5
2020-07-21T12:30:00Z,/subscriptions/05bc92a8-0ea0-4c4d-b5d7-cd6d9eefe888/resourceGroups/Azure_Arc_Training/providers/Microsoft.Kubernetes/connectedClusters/IBMCloudK8s/9767be26-7935-43cb-bbc9-de16fb579900/omsagent,125941486.9
2020-07-21T12:30:00Z,/subscriptions/05bc92a8-0ea0-4c4d-b5d7-cd6d9eefe888/resourceGroups/Azure_Arc_Training/providers/Microsoft.Kubernetes/connectedClusters/IBMCloudK8s/7d0a830c-8324-45bb-a4a6-e857dba454dc/omsagent,125701597.9
2020-07-22T07:00:00Z,/subscriptions/05bc92a8-0ea0-4c4d-b5d7-cd6d9eefe888/resourceGroups/Azure_Arc_Training/providers/Microsoft.Kubernetes/connectedClusters/IBMCloudK8s/7d0a830c-8324-45bb-a4a6-e857dba454dc/omsagent,131179042.1
2020-07-22T07:00:00Z,/subscriptions/05bc92a8-0ea0-4c4d-b5d7-cd6d9eefe888/resourceGroups/Azure_Arc_Training/providers/Microsoft.Kubernetes/connectedClusters/IBMCloudK8s/140cca40-945e-4d34-acbb-b6872ab9dd2c/loginfunctionality,256430080
2020-07-22T07:00:00Z,/subscriptions/05bc92a8-0ea0-4c4d-b5d7-cd6d9eefe888/resourceGroups/Azure_Arc_Training/providers/Microsoft.Kubernetes/connectedClusters/IBMCloudK8s/9767be26-7935-43cb-bbc9-de16fb579900/omsagent,124559496.5
2020-07-22T07:30:00Z,/subscriptions/05bc92a8-0ea0-4c4d-b5d7-cd6d9eefe888/resourceGroups/Azure_Arc_Training/providers/Microsoft.Kubernetes/connectedClusters/IBMCloudK8s/9767be26-7935-43cb-bbc9-de16fb579900/omsagent,124507204.3
2020-07-22T07:30:00Z,/subscriptions/05bc92a8-0ea0-4c4d-b5d7-cd6d9eefe888/resourceGroups/Azure_Arc_Training/providers/Microsoft.Kubernetes/connectedClusters/IBMCloudK8s/140cca40-945e-4d34-acbb-b6872ab9dd2c/loginfunctionality,256430080
2020-07-22T07:30:00Z,/subscriptions/05bc92a8-0ea0-4c4d-b5d7-cd6d9eefe888/resourceGroups/Azure_Arc_Training/providers/Microsoft.Kubernetes/connectedClusters/IBMCloudK8s/7d0a830c-8324-45bb-a4a6-e857dba454dc/omsagent,130772992
2020-07-21T21:30:00Z,/subscriptions/05bc92a8-0ea0-4c4d-b5d7-cd6d9eefe888/resourceGroups/Azure_Arc_Training/providers/Microsoft.Kubernetes/connectedClusters/IBMCloudK8s/9767be26-7935-43cb-bbc9-de16fb579900/omsagent,124570692.3
2020-07-21T21:30:00Z,/subscriptions/05bc92a8-0ea0-4c4d-b5d7-cd6d9eefe888/resourceGroups/Azure_Arc_Training/providers/Microsoft.Kubernetes/connectedClusters/IBMCloudK8s/140cca40-945e-4d34-acbb-b6872ab9dd2c/loginfunctionality,256405504
2020-07-21T21:30:00Z,/subscriptions/05bc92a8-0ea0-4c4d-b5d7-cd6d9eefe888/resourceGroups/Azure_Arc_Training/providers/Microsoft.Kubernetes/connectedClusters/IBMCloudK8s/7d0a830c-8324-45bb-a4a6-e857dba454dc/omsagent,129354547.2
2020-07-21T22:00:00Z,/subscriptions/05bc92a8-0ea0-4c4d-b5d7-cd6d9eefe888/resourceGroups/Azure_Arc_Training/providers/Microsoft.Kubernetes/connectedClusters/IBMCloudK8s/7d0a830c-8324-45bb-a4a6-e857dba454dc/omsagent,129146333.9
2020-07-21T22:00:00Z,/subscriptions/05bc92a8-0ea0-4c4d-b5d7-cd6d9eefe888/resourceGroups/Azure_Arc_Training/providers/Microsoft.Kubernetes/connectedClusters/IBMCloudK8s/140cca40-945e-4d34-acbb-b6872ab9dd2c/loginfunctionality,256410555.7
2020-07-21T22:00:00Z,/subscriptions/05bc92a8-0ea0-4c4d-b5d7-cd6d9eefe888/resourceGroups/Azure_Arc_Training/providers/Microsoft.Kubernetes/connectedClusters/IBMCloudK8s/9767be26-7935-43cb-bbc9-de16fb579900/omsagent,123621922.1
2020-07-21T22:30:00Z,/subscriptions/05bc92a8-0ea0-4c4d-b5d7-cd6d9eefe888/resourceGroups/Azure_Arc_Training/providers/Microsoft.Kubernetes/connectedClusters/IBMCloudK8s/7d0a830c-8324-45bb-a4a6-e857dba454dc/omsagent,129422677.3
2020-07-21T22:30:00Z,/subscriptions/05bc92a8-0ea0-4c4d-b5d7-cd6d9eefe888/resourceGroups/Azure_Arc_Training/providers/Microsoft.Kubernetes/connectedClusters/IBMCloudK8s/9767be26-7935-43cb-bbc9-de16fb579900/omsagent,124985480.5
2020-07-21T22:30:00Z,/subscriptions/05bc92a8-0ea0-4c4d-b5d7-cd6d9eefe888/resourceGroups/Azure_Arc_Training/providers/Microsoft.Kubernetes/connectedClusters/IBMCloudK8s/140cca40-945e-4d34-acbb-b6872ab9dd2c/loginfunctionality,256416017.1
2020-07-22T06:30:00Z,/subscriptions/05bc92a8-0ea0-4c4d-b5d7-cd6d9eefe888/resourceGroups/Azure_Arc_Training/providers/Microsoft.Kubernetes/connectedClusters/IBMCloudK8s/9767be26-7935-43cb-bbc9-de16fb579900/omsagent,125567112.5
2020-07-22T06:30:00Z,/subscriptions/05bc92a8-0ea0-4c4d-b5d7-cd6d9eefe888/resourceGroups/Azure_Arc_Training/providers/Microsoft.Kubernetes/connectedClusters/IBMCloudK8s/7d0a830c-8324-45bb-a4a6-e857dba454dc/omsagent,131658547.2
2020-07-22T06:30:00Z,/subscriptions/05bc92a8-0ea0-4c4d-b5d7-cd6d9eefe888/resourceGroups/Azure_Arc_Training/providers/Microsoft.Kubernetes/connectedClusters/IBMCloudK8s/140cca40-945e-4d34-acbb-b6872ab9dd2c/loginfunctionality,256430080
2020-07-21T08:30:00Z,/subscriptions/05bc92a8-0ea0-4c4d-b5d7-cd6d9eefe888/resourceGroups/Azure_Arc_Training/providers/Microsoft.Kubernetes/connectedClusters/IBMCloudK8s/7d0a830c-8324-45bb-a4a6-e857dba454dc/omsagent,123380667.7
2020-07-21T08:30:00Z,/subscriptions/05bc92a8-0ea0-4c4d-b5d7-cd6d9eefe888/resourceGroups/Azure_Arc_Training/providers/Microsoft.Kubernetes/connectedClusters/IBMCloudK8s/9767be26-7935-43cb-bbc9-de16fb579900/omsagent,123489075.2
2020-07-21T09:00:00Z,/subscriptions/05bc92a8-0ea0-4c4d-b5d7-cd6d9eefe888/resourceGroups/Azure_Arc_Training/providers/Microsoft.Kubernetes/connectedClusters/IBMCloudK8s/9767be26-7935-43cb-bbc9-de16fb579900/omsagent,124244104.5
2020-07-21T09:00:00Z,/subscriptions/05bc92a8-0ea0-4c4d-b5d7-cd6d9eefe888/resourceGroups/Azure_Arc_Training/providers/Microsoft.Kubernetes/connectedClusters/IBMCloudK8s/7d0a830c-8324-45bb-a4a6-e857dba454dc/omsagent,122963285.3
2020-07-21T23:00:00Z,/subscriptions/05bc92a8-0ea0-4c4d-b5d7-cd6d9eefe888/resourceGroups/Azure_Arc_Training/providers/Microsoft.Kubernetes/connectedClusters/IBMCloudK8s/140cca40-945e-4d34-acbb-b6872ab9dd2c/loginfunctionality,256417792
2020-07-21T23:00:00Z,/subscriptions/05bc92a8-0ea0-4c4d-b5d7-cd6d9eefe888/resourceGroups/Azure_Arc_Training/providers/Microsoft.Kubernetes/connectedClusters/IBMCloudK8s/7d0a830c-8324-45bb-a4a6-e857dba454dc/omsagent,128777011.2
2020-07-21T23:00:00Z,/subscriptions/05bc92a8-0ea0-4c4d-b5d7-cd6d9eefe888/resourceGroups/Azure_Arc_Training/providers/Microsoft.Kubernetes/connectedClusters/IBMCloudK8s/9767be26-7935-43cb-bbc9-de16fb579900/omsagent,123684317.9
2020-07-22T01:00:00Z,/subscriptions/05bc92a8-0ea0-4c4d-b5d7-cd6d9eefe888/resourceGroups/Azure_Arc_Training/providers/Microsoft.Kubernetes/connectedClusters/IBMCloudK8s/140cca40-945e-4d34-acbb-b6872ab9dd2c/loginfunctionality,256425984
2020-07-22T01:00:00Z,/subscriptions/05bc92a8-0ea0-4c4d-b5d7-cd6d9eefe888/resourceGroups/Azure_Arc_Training/providers/Microsoft.Kubernetes/connectedClusters/IBMCloudK8s/9767be26-7935-43cb-bbc9-de16fb579900/omsagent,125401497.6
2020-07-22T01:00:00Z,/subscriptions/05bc92a8-0ea0-4c4d-b5d7-cd6d9eefe888/resourceGroups/Azure_Arc_Training/providers/Microsoft.Kubernetes/connectedClusters/IBMCloudK8s/7d0a830c-8324-45bb-a4a6-e857dba454dc/omsagent,128883507.2
2020-07-22T01:30:00Z,/subscriptions/05bc92a8-0ea0-4c4d-b5d7-cd6d9eefe888/resourceGroups/Azure_Arc_Training/providers/Microsoft.Kubernetes/connectedClusters/IBMCloudK8s/140cca40-945e-4d34-acbb-b6872ab9dd2c/loginfunctionality,256425984
2020-07-22T01:30:00Z,/subscriptions/05bc92a8-0ea0-4c4d-b5d7-cd6d9eefe888/resourceGroups/Azure_Arc_Training/providers/Microsoft.Kubernetes/connectedClusters/IBMCloudK8s/7d0a830c-8324-45bb-a4a6-e857dba454dc/omsagent,128865894.4
2020-07-22T01:30:00Z,/subscriptions/05bc92a8-0ea0-4c4d-b5d7-cd6d9eefe888/resourceGroups/Azure_Arc_Training/providers/Microsoft.Kubernetes/connectedClusters/IBMCloudK8s/9767be26-7935-43cb-bbc9-de16fb579900/omsagent,125639202.1
2020-07-22T03:00:00Z,/subscriptions/05bc92a8-0ea0-4c4d-b5d7-cd6d9eefe888/resourceGroups/Azure_Arc_Training/providers/Microsoft.Kubernetes/connectedClusters/IBMCloudK8s/9767be26-7935-43cb-bbc9-de16fb579900/omsagent,123852526.9
2020-07-22T03:00:00Z,/subscriptions/05bc92a8-0ea0-4c4d-b5d7-cd6d9eefe888/resourceGroups/Azure_Arc_Training/providers/Microsoft.Kubernetes/connectedClusters/IBMCloudK8s/140cca40-945e-4d34-acbb-b6872ab9dd2c/loginfunctionality,256429943.5
2020-07-22T03:00:00Z,/subscriptions/05bc92a8-0ea0-4c4d-b5d7-cd6d9eefe888/resourceGroups/Azure_Arc_Training/providers/Microsoft.Kubernetes/connectedClusters/IBMCloudK8s/7d0a830c-8324-45bb-a4a6-e857dba454dc/omsagent,129064004.3
2020-07-22T03:30:00Z,/subscriptions/05bc92a8-0ea0-4c4d-b5d7-cd6d9eefe888/resourceGroups/Azure_Arc_Training/providers/Microsoft.Kubernetes/connectedClusters/IBMCloudK8s/140cca40-945e-4d34-acbb-b6872ab9dd2c/loginfunctionality,256430080
2020-07-22T03:30:00Z,/subscriptions/05bc92a8-0ea0-4c4d-b5d7-cd6d9eefe888/resourceGroups/Azure_Arc_Training/providers/Microsoft.Kubernetes/connectedClusters/IBMCloudK8s/7d0a830c-8324-45bb-a4a6-e857dba454dc/omsagent,129122986.7
2020-07-22T03:30:00Z,/subscriptions/05bc92a8-0ea0-4c4d-b5d7-cd6d9eefe888/resourceGroups/Azure_Arc_Training/providers/Microsoft.Kubernetes/connectedClusters/IBMCloudK8s/9767be26-7935-43cb-bbc9-de16fb579900/omsagent,124374903.5
2020-07-21T16:30:00Z,/subscriptions/05bc92a8-0ea0-4c4d-b5d7-cd6d9eefe888/resourceGroups/Azure_Arc_Training/providers/Microsoft.Kubernetes/connectedClusters/IBMCloudK8s/9767be26-7935-43cb-bbc9-de16fb579900/omsagent,125366135.5
2020-07-21T16:30:00Z,/subscriptions/05bc92a8-0ea0-4c4d-b5d7-cd6d9eefe888/resourceGroups/Azure_Arc_Training/providers/Microsoft.Kubernetes/connectedClusters/IBMCloudK8s/7d0a830c-8324-45bb-a4a6-e857dba454dc/omsagent,130453367.5
2020-07-21T23:30:00Z,/subscriptions/05bc92a8-0ea0-4c4d-b5d7-cd6d9eefe888/resourceGroups/Azure_Arc_Training/providers/Microsoft.Kubernetes/connectedClusters/IBMCloudK8s/7d0a830c-8324-45bb-a4a6-e857dba454dc/omsagent,128817288.5
2020-07-21T23:30:00Z,/subscriptions/05bc92a8-0ea0-4c4d-b5d7-cd6d9eefe888/resourceGroups/Azure_Arc_Training/providers/Microsoft.Kubernetes/connectedClusters/IBMCloudK8s/140cca40-945e-4d34-acbb-b6872ab9dd2c/loginfunctionality,256417792
2020-07-21T23:30:00Z,/subscriptions/05bc92a8-0ea0-4c4d-b5d7-cd6d9eefe888/resourceGroups/Azure_Arc_Training/providers/Microsoft.Kubernetes/connectedClusters/IBMCloudK8s/9767be26-7935-43cb-bbc9-de16fb579900/omsagent,123693602.1
2020-07-22T00:00:00Z,/subscriptions/05bc92a8-0ea0-4c4d-b5d7-cd6d9eefe888/resourceGroups/Azure_Arc_Training/providers/Microsoft.Kubernetes/connectedClusters/IBMCloudK8s/7d0a830c-8324-45bb-a4a6-e857dba454dc/omsagent,128324949.3
2020-07-22T00:00:00Z,/subscriptions/05bc92a8-0ea0-4c4d-b5d7-cd6d9eefe888/resourceGroups/Azure_Arc_Training/providers/Microsoft.Kubernetes/connectedClusters/IBMCloudK8s/9767be26-7935-43cb-bbc9-de16fb579900/omsagent,124402892.8
2020-07-22T00:00:00Z,/subscriptions/05bc92a8-0ea0-4c4d-b5d7-cd6d9eefe888/resourceGroups/Azure_Arc_Training/providers/Microsoft.Kubernetes/connectedClusters/IBMCloudK8s/140cca40-945e-4d34-acbb-b6872ab9dd2c/loginfunctionality,256421205.3
2020-07-22T04:00:00Z,/subscriptions/05bc92a8-0ea0-4c4d-b5d7-cd6d9eefe888/resourceGroups/Azure_Arc_Training/providers/Microsoft.Kubernetes/connectedClusters/IBMCloudK8s/9767be26-7935-43cb-bbc9-de16fb579900/omsagent,123970948.4
2020-07-22T04:00:00Z,/subscriptions/05bc92a8-0ea0-4c4d-b5d7-cd6d9eefe888/resourceGroups/Azure_Arc_Training/providers/Microsoft.Kubernetes/connectedClusters/IBMCloudK8s/7d0a830c-8324-45bb-a4a6-e857dba454dc/omsagent,129650264.3
2020-07-22T04:00:00Z,/subscriptions/05bc92a8-0ea0-4c4d-b5d7-cd6d9eefe888/resourceGroups/Azure_Arc_Training/providers/Microsoft.Kubernetes/connectedClusters/IBMCloudK8s/140cca40-945e-4d34-acbb-b6872ab9dd2c/loginfunctionality,256430080
2020-07-22T04:00:00Z,/subscriptions/05bc92a8-0ea0-4c4d-b5d7-cd6d9eefe888/resourceGroups/Azure_Arc_Training/providers/Microsoft.ContainerService/managedClusters/HealthCareAKS/f8f15982-0d5a-4339-a477-6e1bdd9dd6c3/omsagent,102748355
2020-07-22T04:00:00Z,/subscriptions/05bc92a8-0ea0-4c4d-b5d7-cd6d9eefe888/resourceGroups/Azure_Arc_Training/providers/Microsoft.ContainerService/managedClusters/HealthCareAKS/f377cdae-43d8-4772-a145-19eda169ff7b/omsagent,102220361.1
2020-07-22T04:00:00Z,/subscriptions/05bc92a8-0ea0-4c4d-b5d7-cd6d9eefe888/resourceGroups/Azure_Arc_Training/providers/Microsoft.ContainerService/managedClusters/HealthCareAKS/ee2f0e26-ca64-4790-b82d-bdd14683d36a/omsagent,83657135.16
2020-07-21T13:00:00Z,/subscriptions/05bc92a8-0ea0-4c4d-b5d7-cd6d9eefe888/resourceGroups/Azure_Arc_Training/providers/Microsoft.Kubernetes/connectedClusters/IBMCloudK8s/7d0a830c-8324-45bb-a4a6-e857dba454dc/omsagent,126207863.5
2020-07-21T13:00:00Z,/subscriptions/05bc92a8-0ea0-4c4d-b5d7-cd6d9eefe888/resourceGroups/Azure_Arc_Training/providers/Microsoft.Kubernetes/connectedClusters/IBMCloudK8s/9767be26-7935-43cb-bbc9-de16fb579900/omsagent,125761809.1
2020-07-22T00:30:00Z,/subscriptions/05bc92a8-0ea0-4c4d-b5d7-cd6d9eefe888/resourceGroups/Azure_Arc_Training/providers/Microsoft.Kubernetes/connectedClusters/IBMCloudK8s/140cca40-945e-4d34-acbb-b6872ab9dd2c/loginfunctionality,256422297.6
2020-07-22T00:30:00Z,/subscriptions/05bc92a8-0ea0-4c4d-b5d7-cd6d9eefe888/resourceGroups/Azure_Arc_Training/providers/Microsoft.Kubernetes/connectedClusters/IBMCloudK8s/9767be26-7935-43cb-bbc9-de16fb579900/omsagent,124285337.6
2020-07-22T00:30:00Z,/subscriptions/05bc92a8-0ea0-4c4d-b5d7-cd6d9eefe888/resourceGroups/Azure_Arc_Training/providers/Microsoft.Kubernetes/connectedClusters/IBMCloudK8s/7d0a830c-8324-45bb-a4a6-e857dba454dc/omsagent,128681574.4
2020-07-21T13:30:00Z,/subscriptions/05bc92a8-0ea0-4c4d-b5d7-cd6d9eefe888/resourceGroups/Azure_Arc_Training/providers/Microsoft.Kubernetes/connectedClusters/IBMCloudK8s/9767be26-7935-43cb-bbc9-de16fb579900/omsagent,125351526.4
2020-07-21T13:30:00Z,/subscriptions/05bc92a8-0ea0-4c4d-b5d7-cd6d9eefe888/resourceGroups/Azure_Arc_Training/providers/Microsoft.Kubernetes/connectedClusters/IBMCloudK8s/7d0a830c-8324-45bb-a4a6-e857dba454dc/omsagent,127187490.1
2020-07-22T04:30:00Z,/subscriptions/05bc92a8-0ea0-4c4d-b5d7-cd6d9eefe888/resourceGroups/Azure_Arc_Training/providers/Microsoft.ContainerService/managedClusters/HealthCareAKS/f8f15982-0d5a-4339-a477-6e1bdd9dd6c3/omsagent,111519744
2020-07-22T04:30:00Z,/subscriptions/05bc92a8-0ea0-4c4d-b5d7-cd6d9eefe888/resourceGroups/Azure_Arc_Training/providers/Microsoft.ContainerService/managedClusters/HealthCareAKS/f377cdae-43d8-4772-a145-19eda169ff7b/omsagent,114494941.9
2020-07-22T04:30:00Z,/subscriptions/05bc92a8-0ea0-4c4d-b5d7-cd6d9eefe888/resourceGroups/Azure_Arc_Training/providers/Microsoft.Kubernetes/connectedClusters/IBMCloudK8s/140cca40-945e-4d34-acbb-b6872ab9dd2c/loginfunctionality,256430080
2020-07-22T04:30:00Z,/subscriptions/05bc92a8-0ea0-4c4d-b5d7-cd6d9eefe888/resourceGroups/Azure_Arc_Training/providers/Microsoft.Kubernetes/connectedClusters/IBMCloudK8s/9767be26-7935-43cb-bbc9-de16fb579900/omsagent,125376785.1
2020-07-22T04:30:00Z,/subscriptions/05bc92a8-0ea0-4c4d-b5d7-cd6d9eefe888/resourceGroups/Azure_Arc_Training/providers/Microsoft.Kubernetes/connectedClusters/IBMCloudK8s/7d0a830c-8324-45bb-a4a6-e857dba454dc/omsagent,130300859.7
2020-07-22T04:30:00Z,/subscriptions/05bc92a8-0ea0-4c4d-b5d7-cd6d9eefe888/resourceGroups/Azure_Arc_Training/providers/Microsoft.ContainerService/managedClusters/HealthCareAKS/ee2f0e26-ca64-4790-b82d-bdd14683d36a/omsagent,90854331.73
2020-07-21T08:00:00Z,/subscriptions/05bc92a8-0ea0-4c4d-b5d7-cd6d9eefe888/resourceGroups/Azure_Arc_Training/providers/Microsoft.Kubernetes/connectedClusters/IBMCloudK8s/7d0a830c-8324-45bb-a4a6-e857dba454dc/omsagent,123236352
2020-07-21T08:00:00Z,/subscriptions/05bc92a8-0ea0-4c4d-b5d7-cd6d9eefe888/resourceGroups/Azure_Arc_Training/providers/Microsoft.Kubernetes/connectedClusters/IBMCloudK8s/9767be26-7935-43cb-bbc9-de16fb579900/omsagent,123352405.3
2020-07-21T08:00:00Z,/subscriptions/05bc92a8-0ea0-4c4d-b5d7-cd6d9eefe888/resourceGroups/Azure_Arc_Training/providers/Microsoft.ContainerService/managedClusters/HealthCareAKS/f8f15982-0d5a-4339-a477-6e1bdd9dd6c3/omsagent,124124160
2020-07-21T08:00:00Z,/subscriptions/05bc92a8-0ea0-4c4d-b5d7-cd6d9eefe888/resourceGroups/Azure_Arc_Training/providers/Microsoft.ContainerService/managedClusters/HealthCareAKS/f377cdae-43d8-4772-a145-19eda169ff7b/omsagent,121177088
2020-07-21T08:00:00Z,/subscriptions/05bc92a8-0ea0-4c4d-b5d7-cd6d9eefe888/resourceGroups/Azure_Arc_Training/providers/Microsoft.ContainerService/managedClusters/HealthCareAKS/ee2f0e26-ca64-4790-b82d-bdd14683d36a/omsagent,100350634.7
2020-07-22T08:00:00Z,/subscriptions/05bc92a8-0ea0-4c4d-b5d7-cd6d9eefe888/resourceGroups/Azure_Arc_Training/providers/Microsoft.Kubernetes/connectedClusters/IBMCloudK8s/140cca40-945e-4d34-acbb-b6872ab9dd2c/loginfunctionality,256430080
2020-07-22T08:00:00Z,/subscriptions/05bc92a8-0ea0-4c4d-b5d7-cd6d9eefe888/resourceGroups/Azure_Arc_Training/providers/Microsoft.Kubernetes/connectedClusters/IBMCloudK8s/7d0a830c-8324-45bb-a4a6-e857dba454dc/omsagent,130762922.7
2020-07-22T08:00:00Z,/subscriptions/05bc92a8-0ea0-4c4d-b5d7-cd6d9eefe888/resourceGroups/Azure_Arc_Training/providers/Microsoft.Kubernetes/connectedClusters/IBMCloudK8s/9767be26-7935-43cb-bbc9-de16fb579900/omsagent,125480448
